longitude,latitude,species_name,source
34.8537742084,0.2551750575,Eurytela hiarbas,iNaturalist
34.856818671,0.2805945627,Protogoniomorpha parhassus,iNaturalist
34.8571155876,0.2811487851,Telchinia acerata,iNaturalist
34.8573838085,0.2813526306,Telchinia penelope,iNaturalist
34.8573408932,0.2810522268,Telchinia serena,iNaturalist
34.8571530547,0.2812035175,Telchinia penelope,iNaturalist
34.8577330252,0.2862218345,Charaxes,iNaturalist
34.8578188559,0.2865007808,Celaenorrhinus leucocera,iNaturalist
34.8582265517,0.2865007808,Apallaga galenus,iNaturalist
34.8579583308,0.2867153548,Telchinia lycoa,iNaturalist
34.8580441615,0.2862862068,Nepheronia thalassina,iNaturalist
34.8580227038,0.2863613077,Telchinia lycoa,iNaturalist
34.8582479655,0.286468315,Vanessula milca,iNaturalist
34.8578777807,0.2864589548,Telchinia penelope,iNaturalist
34.8824716667,0.2167866667,Acraeini,iNaturalist
34.8863416667,0.217395,Charaxes,iNaturalist
34.889855,0.2194616667,Cyrestis camillus,iNaturalist
34.8896033333,0.2188166667,Anthene definita,iNaturalist
34.88252,0.2168716667,Telchinia,iNaturalist
34.8560927366,0.2858082641,Junonia sophia,iNaturalist
34.8561529357,0.2893334227,Bicyclus safitza,iNaturalist
34.8553848267,0.2875434956,Amauris echeria,iNaturalist
34.8551674973,0.2870987485,Junonia gregorii,iNaturalist
34.8571347649,0.286960467,Hypolimnas monteironis,iNaturalist
34.8565979852,0.278202936,Salanoemia similis,iNaturalist
34.8563912874,0.2737963948,Evena crithea,iNaturalist
34.7923772997,-0.0467687,Nymphalidae,iNaturalist
34.8573558825,0.3650575129,Junonia gregorii,iNaturalist
34.8550943123,0.3624200296,Leptosia alcesta,iNaturalist
34.8707217674,0.3453092042,Evena crithea,iNaturalist
34.856474,0.29134,Cymothoe sangaris,iNaturalist
34.9203383178,-0.1744385349,Libythea lepita,iNaturalist
34.8704982319,0.2393207882,Amauris echeria,iNaturalist
34.8705262244,0.2454621793,Ceratrichiini,iNaturalist
34.8846033333,0.2270116667,Junonia sophia,iNaturalist
34.884625,0.226395,Nymphalidae,iNaturalist
34.88199,0.229365,Protogoniomorpha parhassus,iNaturalist
34.88199,0.229365,Papilionoidea,iNaturalist
34.88199,0.229365,Amauris albimaculata,iNaturalist
34.8826683333,0.2295966667,Junonia gregorii,iNaturalist
34.871561532,0.2398246736,Telchinia peneleos,iNaturalist
34.867135,0.235315,Belenois aurota,iNaturalist
34.8665133333,0.238665,Evena crithea,iNaturalist
34.8670566667,0.238325,Evena crithea,iNaturalist
34.8676883333,0.24484,Junonia oenone,iNaturalist
34.7740793,0.307894,Evena crithea,iNaturalist
34.856474,0.29134,Nymphalidae,iNaturalist
34.7740793,0.307894,Junonia gregorii,iNaturalist
34.8656128461,0.2409274892,Evena crithea,iNaturalist
34.8586463928,0.2899467244,Evena crithea,iNaturalist
34.8799559464,0.3381114426,Afriodinia,iNaturalist
34.8799559464,0.3381114426,Protogoniomorpha parhassus,iNaturalist
34.8799559464,0.3381114426,Euphaedra medon,iNaturalist
34.8799559464,0.3381114426,Nymphalidae,iNaturalist
34.8799559464,0.3381114426,Papilio phorcas,iNaturalist
34.8799559464,0.3381114426,Melanitis leda,iNaturalist
34.8799559464,0.3381114426,Phalanta eurytis,iNaturalist
34.8799559464,0.3381114426,Hesperiinae,iNaturalist
34.8799559464,0.3381114426,Neptis goochii,iNaturalist
34.8799559464,0.3381114426,Evena crithea,iNaturalist
34.9003096522,0.3227291106,Eurema desjardinsii regularis,iNaturalist
34.8641966667,0.2369866667,Hypolimnas anthedon,iNaturalist
34.866455,0.2389616667,Hypolimnas anthedon,iNaturalist
34.902618717,0.0926660557,Telchinia lycoa,iNaturalist
34.899979809,0.0825900042,Protogoniomorpha parhassus,iNaturalist
34.9048628196,0.0894737614,Amauris albimaculata,iNaturalist
34.9070899992,0.090690198,Evena crithea,iNaturalist
34.9060123746,0.090190008,Melanitis,iNaturalist
34.7086305544,0.0474539717,Papilio demodocus,iNaturalist
34.7083167359,0.0475310852,Hypolimnas misippus,iNaturalist
34.7084075958,0.0475374555,Papilio nireus,iNaturalist
34.7515480147,0.2776323565,Papilio demodocus,iNaturalist
34.8668167302,0.2367642822,Charaxes cithaeron,iNaturalist
34.8668167302,0.2367642822,Papilio phorcas,iNaturalist
34.8668167302,0.2367642822,Evena crithea,iNaturalist
34.8668167302,0.2367642822,Bematistes aganice,iNaturalist
34.8868935183,0.2299713129,Cymothoe,iNaturalist
34.884879311,0.2266295098,Acraeini,iNaturalist
34.8881169762,0.2183788336,Papilio phorcas,iNaturalist
34.8846734644,0.2264541904,Telchinia perenna,iNaturalist
34.8846734644,0.2264541904,Junonia sophia,iNaturalist
34.8849,0.22657,Junonia temora,iNaturalist
34.8975487838,0.2248470059,Telchinia penelope,iNaturalist
34.8975487838,0.2248470059,Euphaedra medon,iNaturalist
34.8975487838,0.2248470059,Telchinia quirinalis,iNaturalist
34.8975487838,0.2248470059,Junonia temora,iNaturalist
34.8975487838,0.2248470059,Cymothoe herminia,iNaturalist
34.8975487838,0.2248470059,Nymphalidae,iNaturalist
34.8977756089,0.224595097,Junonia temora,iNaturalist
34.8975487838,0.2248470059,Junonia,iNaturalist
34.8975487838,0.2248470059,Junonia gregorii,iNaturalist
34.8975487838,0.2248470059,Nymphalinae,iNaturalist
34.8975487838,0.2248470059,Euptera elabontas,iNaturalist
34.8975487838,0.2248470059,Neptis,iNaturalist
34.8975487838,0.2248470059,Lycaenidae,iNaturalist
34.8695076017,0.23763896,Junonia gregorii,iNaturalist
34.7740793,0.307894,Protogoniomorpha parhassus,iNaturalist
34.8939252949,0.2424279485,Amauris tartarea,iNaturalist
34.8862570524,0.2325507327,Hypolimnas monteironis,iNaturalist
34.9336431439,0.280972934,Amauris,iNaturalist
34.8819583278,0.3612865929,Cymothoe,iNaturalist
34.873851903,0.3093737705,Cymothoe,iNaturalist
34.833615526,0.3552142163,Tagiadinae,iNaturalist
34.6778320563,0.3359385452,Junonia gregorii,iNaturalist
34.9236245284,0.2125003347,Hypolimnas monteironis major,iNaturalist
34.9236245284,0.2125003347,Amauris albimaculata,iNaturalist
34.896345,0.2199616667,Euphaedra,iNaturalist
34.881255,0.20478,Acraeini,iNaturalist
34.8968916667,0.2214533333,Nymphalidae,iNaturalist
34.8966633333,0.220675,Cymothoe herminia,iNaturalist
34.8920466667,0.2365216667,Papilio phorcas,iNaturalist
34.891975,0.2361116667,Junonia sophia,iNaturalist
34.8975916667,0.24068,Pseudacraea lucretia,iNaturalist
34.8955283333,0.2346033333,Telchinia lycoa,iNaturalist
34.897055,0.2350666667,Junonia gregorii,iNaturalist
34.89457,0.2346333333,Telchinia peneleos,iNaturalist
34.8925466667,0.2360333333,Junonia terea,iNaturalist
34.89327,0.2356666667,Vanessula milca,iNaturalist
34.9093065435,0.2234446622,Sevenia occidentalium,iNaturalist
34.9203383178,-0.1744385349,Zizeeriina,iNaturalist
34.9024472606,0.2226412834,Belenois calypso,iNaturalist
34.9083695781,0.2220404731,Belenois raffrayi,iNaturalist
34.9039063823,0.2222121332,Papilio interjectana,iNaturalist
34.9050221813,0.2221263031,Belenois calypso,iNaturalist
34.9014225762,0.2214225914,Cacyreus lingeus,iNaturalist
34.9071330501,0.2219371652,Vanessula milca,iNaturalist
34.9011380181,0.2227096356,Anthene definita,iNaturalist
34.8982372629,0.2240829162,Junonia temora,iNaturalist
34.8950106731,0.2239970861,Papilio phorcas,iNaturalist
34.893878996,0.2259711768,Papilio interjectana,iNaturalist
34.8855534192,0.2221946553,Euphaedra,iNaturalist
34.8855534192,0.2242545762,Acraeini,iNaturalist
34.8823776838,0.2218513352,Hesperiidae,iNaturalist
34.8833218213,0.2191906035,Papilio phorcas,iNaturalist
34.8792019483,0.2110367456,Acraea,iNaturalist
34.8796311017,0.2138691389,Cymothoe,iNaturalist
34.8794594403,0.2161865511,Amaura,iNaturalist
34.8760262128,0.2099209542,Telchinia lycoa,iNaturalist
34.8734830469,0.2052861274,Cymothoe lurida,iNaturalist
34.8742332017,0.2007371295,Amaura,iNaturalist
34.8822154557,0.2108650854,Protogoniomorpha parhassus,iNaturalist
34.8823424743,0.2055970043,Vanessula milca,iNaturalist
34.8771891789,0.2128067341,Junonia temora,iNaturalist
34.8820815282,0.2122059234,Evena crithea,iNaturalist
34.8823681634,0.2085480788,Cymothoe lurida,iNaturalist
34.882196502,0.2073464571,Bebearia cocalia,iNaturalist
34.8830548089,0.2111229822,Euphaedra,iNaturalist
34.8792491155,0.2083435685,Euphaedra,iNaturalist
34.8792422067,0.204137892,Aterica galene,iNaturalist
34.8803580056,0.2011191888,Junonia gregorii,iNaturalist
34.8836195718,0.2022915152,Leptosia alcesta,iNaturalist
34.8829329263,0.2074413236,Evena crithea,iNaturalist
34.8844778787,0.202919565,Euphaedra,iNaturalist
34.8865378152,0.2050339662,Protogoniomorpha parhassus,iNaturalist
34.8904110856,0.2058295626,Bicyclus safitza,iNaturalist
34.8892862941,0.2073877639,Junonia gregorii,iNaturalist
34.8999958868,0.2214981872,Papilio dardanus,iNaturalist
34.856474,0.29134,Celaenorrhinus larseni,iNaturalist
34.8536214,0.19996,Evena,iNaturalist
34.907068,0.1592104,Junonia gregorii,iNaturalist
34.8629,0.3533116667,Cymothoe herminia,iNaturalist
34.863,0.3533533333,Protogoniomorpha parhassus,iNaturalist
34.8630783333,0.353345,Lycaenidae,iNaturalist
34.8631033333,0.3533466667,Cacyreus lingeus,iNaturalist
34.8630783333,0.3533416667,Protogoniomorpha parhassus,iNaturalist
34.863055,0.3533333333,Junonia gregorii,iNaturalist
34.86435,0.3525383333,Vanessula milca,iNaturalist
34.8640216667,0.3529333333,Papilio lormieri,iNaturalist
34.864045,0.3529,Azanus natalensis,iNaturalist
34.8640416667,0.3529083333,Anthene ukerewensis,iNaturalist
34.8640416667,0.3529083333,Papilio nireus,iNaturalist
34.8639833333,0.3530333333,Hypolimnas monteironis,iNaturalist
34.8634533333,0.353405,Nymphalidae,iNaturalist
34.8630416667,0.3533033333,Hypolimnas dinarcha,iNaturalist
34.8621216667,0.353305,Papilio nireus,iNaturalist
34.863155,0.3533166667,Nymphalidae,iNaturalist
34.8603583333,0.3517716667,Euphaedra medon,iNaturalist
34.8655916667,0.349005,Protogoniomorpha parhassus,iNaturalist
34.862025,0.35297,Euxanthe wakefieldi,iNaturalist
34.9090834334,0.1595429504,Junonia gregorii,iNaturalist
34.8944444,0.2666667,Cymothoe hobarti,iNaturalist
34.8944444,0.2666667,Bebearina,iNaturalist
34.8944444,0.2666667,Euphaedra rex,iNaturalist
34.8944444,0.2666667,Junonia temora,iNaturalist
34.8944444,0.2666667,Acraeini,iNaturalist
34.8944444,0.2666667,Telchinia peneleos,iNaturalist
34.8944444,0.2666667,Phalanta eurytis,iNaturalist
34.8944444,0.2666667,Evena crithea,iNaturalist
34.8944444,0.2666667,Pseudathyma jacksoni,iNaturalist
34.8944444,0.2666667,Junonia gregorii,iNaturalist
34.8944444,0.2666667,Euryphura chalcis,iNaturalist
34.8944444,0.2666667,Hesperiidae,iNaturalist
34.8944444,0.2666667,Eagris decastigma,iNaturalist
34.8944444,0.2666667,Pardaleodes incerta,iNaturalist
34.8944444,0.2666667,Ceratrichia,iNaturalist
34.8944444,0.2666667,Protogoniomorpha parhassus,iNaturalist
34.8654283333,0.2397533333,Telchinia lycoa,iNaturalist
34.8944444,0.2666667,Charaxes cithaeron,iNaturalist
35.0108333,0.1108333,Stephenia,iNaturalist
35.0108333,0.1108333,Amauris echeria,iNaturalist
34.8944444,0.2666667,Bicyclus safitza,iNaturalist
34.8944444,0.2666667,Eriboea etesipe,iNaturalist
34.8672600905,0.2376638878,Protogoniomorpha parhassus,iNaturalist
34.8672600905,0.2376638878,Junonia gregorii,iNaturalist
34.8672600905,0.2376638878,Junonia terea,iNaturalist
34.8672600905,0.2376638878,Junonia sophia,iNaturalist
34.8672600905,0.2376638878,Eurytela dryope,iNaturalist
34.8672600905,0.2376638878,Sevenia,iNaturalist
34.8672600905,0.2376638878,Telchinia bonasia,iNaturalist
34.8672600905,0.2376638878,Telchinia semivitrea,iNaturalist
34.8672600905,0.2376638878,Hypolimnas anthedon,iNaturalist
34.8672600905,0.2376638878,Anthene definita,iNaturalist
34.8672600905,0.2376638878,Sevenia boisduvali,iNaturalist
34.8672600905,0.2376638878,Phalanta phalantha,iNaturalist
34.8672600905,0.2376638878,Pseudacraea lucretia,iNaturalist
34.8672600905,0.2376638878,Nepheronia argia,iNaturalist
34.856474,0.29134,Eicochrysops hippocrates,iNaturalist
34.8819588631,0.2244732162,Amauris hecate,iNaturalist
34.8807491623,0.2273860562,Nireopapilio,iNaturalist
34.885960868,0.2245473821,Charaxes,iNaturalist
34.8813725319,0.2265552274,Papilio phorcas,iNaturalist
34.884849604,0.2270058497,Junonia gregorii,iNaturalist
34.8845716907,0.2268300237,Aterica galene,iNaturalist
34.8845084,0.2269147,Cyrestis camillus,iNaturalist
34.8845081,0.2269149,Junonia gregorii,iNaturalist
34.88429333,0.22699676,Phalanta eurytis,iNaturalist
34.88427777,0.22709473,Anthene larydas,iNaturalist
34.9151032589,0.2526115876,Papilio lormieri,iNaturalist
34.9240132566,0.2121010791,Junonia chorimene,iNaturalist
34.8850201613,0.2266868736,Sevenia boisduvali,iNaturalist
34.8850201613,0.2266868736,Junonia sophia,iNaturalist
34.8832947118,0.2267104039,Telchinia lycoa,iNaturalist
34.8832947118,0.2267104039,Spalgis lemolea,iNaturalist
34.8832947118,0.2267104039,Belenois raffrayi,iNaturalist
34.8832947118,0.2267104039,Appias sabina,iNaturalist
34.8832947118,0.2267104039,Eurema floricola,iNaturalist
34.8832947118,0.2267104039,Uranothauma heritsia,iNaturalist
34.8832947118,0.2267104039,Anthene ligures,iNaturalist
34.8832947118,0.2267104039,Papilio interjectana,iNaturalist
34.8832947118,0.2267104039,Belenois sudanensis,iNaturalist
34.8832947118,0.2267104039,Libythea labdaca,iNaturalist
34.8832947118,0.2267104039,Acraeini,iNaturalist
34.8832947118,0.2267104039,Azanus natalensis,iNaturalist
34.8832947118,0.2267104039,Cyrestis camillus,iNaturalist
34.8832947118,0.2267104039,Papilio lormieri,iNaturalist
34.8832947118,0.2267104039,Telchinia penelope,iNaturalist
34.8832947118,0.2267104039,Junonia sophia,iNaturalist
34.8832947118,0.2267104039,Afriodinia neavei,iNaturalist
34.8954208254,0.2307626239,Cymothoe hobarti hobarti,iNaturalist
34.8832947118,0.2267104039,Catopsilia florella,iNaturalist
34.8954208254,0.2307626239,Telchinia penelope,iNaturalist
34.8954208254,0.2307626239,Anthene,iNaturalist
34.8954208254,0.2307626239,Euptera elabontas,iNaturalist
34.8954208254,0.2307626239,Rubraea cerasa,iNaturalist
34.8954208254,0.2307626239,Leptosia nupta,iNaturalist
34.8954208254,0.2307626239,Anthene ligures,iNaturalist
34.8954208254,0.2307626239,Pierinae,iNaturalist
34.8954208254,0.2307626239,Zizula hylax,iNaturalist
34.8954208254,0.2307626239,Hypolimnas misippus,iNaturalist
34.8954208254,0.2307626239,Evena crithea,iNaturalist
34.8954208254,0.2307626239,Bicyclus campina,iNaturalist
34.8954208254,0.2307626239,Phalanta phalantha,iNaturalist
34.8954208254,0.2307626239,Junonia gregorii,iNaturalist
34.8954208254,0.2307626239,Hesperiinae,iNaturalist
34.8954208254,0.2307626239,Cyrestis camillus,iNaturalist
34.8954208254,0.2307626239,Cymothoe magambae,iNaturalist
34.8954208254,0.2307626239,Pseudacraea eurytus,iNaturalist
34.8954208254,0.2307626239,Neptis agouale,iNaturalist
34.8719917111,0.3196465876,Hypolimnas monteironis major,iNaturalist
34.7444499317,-0.114993817,Charaxes candiope,iNaturalist
34.8618418749,0.3515889671,Charaxes brutus,iNaturalist
34.773201815,0.3067277733,Protogoniomorpha parhassus,iNaturalist
34.8844041582,0.227376719,Telchinia cinerea,iNaturalist
34.8842324968,0.227475622,Telchinia,iNaturalist
34.8548725247,0.2953539872,Evena crithea,iNaturalist
34.8548725247,0.2953539872,Hypolimnas misippus,iNaturalist
34.8797607422,0.2291792233,Telchinia cinerea,iNaturalist
34.7740793,0.307894,Belenois sudanensis,iNaturalist
34.7740793,0.307894,Amauris albimaculata,iNaturalist
34.7518631,0.2827307,Protogoniomorpha parhassus,iNaturalist
34.8747200665,0.2780720247,Cymothoe lurida,iNaturalist
34.884522,0.227082,Telchinia cinerea,iNaturalist
34.8744814646,0.2283955574,Amauris echeria,iNaturalist
35.2245066667,0.1031716667,Eretis,iNaturalist
35.2243716667,0.1030383333,Junonia sophia,iNaturalist
35.2241116667,0.1026533333,Colias electo,iNaturalist
35.2235333333,0.10294,Telchinia lycoa,iNaturalist
35.2235333333,0.10294,Vanessa dimorphica dimorphica,iNaturalist
35.2238866667,0.102655,Junonia sophia,iNaturalist
35.2234466667,0.1027483333,Telchinia uvui,iNaturalist
35.2237816667,0.102635,Junonia sophia,iNaturalist
35.2237816667,0.102635,Zizula hylax,iNaturalist
35.2237816667,0.102635,Telchinia uvui,iNaturalist
35.2237816667,0.102635,Zenonia zeno,iNaturalist
34.8921873103,0.2215399504,Protogoniomorpha parhassus,iNaturalist
34.8888178648,0.2228979871,Papilio phorcas,iNaturalist
34.8844784073,0.2267823728,Protogoniomorpha parhassus,iNaturalist
34.8844784073,0.2267823728,Euriphene ribensis,iNaturalist
34.8844784073,0.2267823728,Hypolimnas monteironis,iNaturalist
34.8844784073,0.2267823728,Papilio dardanus,iNaturalist
34.8844784073,0.2267823728,Vanessula milca,iNaturalist
34.7713327146,0.1733127054,Nepheronia pharis pharis,iNaturalist
34.8454904941,0.2804284633,Charaxes brutus,iNaturalist
34.8317575227,0.2721888917,Eurema floricola,iNaturalist
35.2384619953,0.2271069476,Neptis saclava,iNaturalist
34.8847046,0.2270505,Libythea labdaca,iNaturalist
34.8847046,0.2270505,Rubraea egina,iNaturalist
34.8847046,0.2270505,Phalanta eurytis,iNaturalist
34.8847046,0.2270505,Pieridae,iNaturalist
34.8847046,0.2270505,Junonia sophia,iNaturalist
34.8847046,0.2270505,Junonia gregorii,iNaturalist
34.8846355409,0.2269415611,Junonia,iNaturalist
34.8846355409,0.2269415611,Acraeini,iNaturalist
34.8846355409,0.2269415611,Telchinia perenna,iNaturalist
34.8846355409,0.2269415611,Junonia sophia,iNaturalist
34.8846355409,0.2269415611,Phalanta eurytis,iNaturalist
34.8846355409,0.2269415611,Junonia gregorii,iNaturalist
34.8846355409,0.2269415611,Leptosia,iNaturalist
34.9024666667,0.2220816667,Bebearia,iNaturalist
34.8979133333,0.224645,Telchinia,iNaturalist
34.9006933333,0.2233283333,Euphaedra rex,iNaturalist
34.898375,0.22458,Cymothoe herminia,iNaturalist
34.8979483333,0.2246383333,Telchinia acerata,iNaturalist
34.8977033333,0.22469,Nymphalidae,iNaturalist
34.8995733333,0.2239216667,Nymphalidae,iNaturalist
34.901875,0.2229166667,Euptera elabontas,iNaturalist
34.852971651,0.3422963091,Hypolimnas monteironis major,iNaturalist
34.8569198627,0.3481326899,Aterica galene,iNaturalist
34.8569198627,0.3481326899,Evena,iNaturalist
34.8569198627,0.3481326899,Nymphalidae,iNaturalist
34.8569198627,0.3481326899,Junonia gregorii,iNaturalist
34.8569198627,0.3481326899,Telchinia bonasia,iNaturalist
34.8569198627,0.3481326899,Rubraea egina,iNaturalist
34.8569198627,0.3481326899,Charaxini,iNaturalist
34.8569198627,0.3481326899,Euphaedra,iNaturalist
34.8569198627,0.3481326899,Precis octavia,iNaturalist
34.8569198627,0.3481326899,Cyrestis camillus,iNaturalist
34.8977079492,0.2287241852,Evena crithea,iNaturalist
34.8853161437,0.2279946302,Junonia gregorii,iNaturalist
34.8853161437,0.2279946302,Nymphalidae,iNaturalist
34.8853161437,0.2279946302,Acraeini,iNaturalist
34.8853161437,0.2279946302,Papilio phorcas,iNaturalist
34.8853161437,0.2279946302,Hypolimnas monteironis,iNaturalist
34.8853161437,0.2279946302,Papilio lormieri,iNaturalist
34.8853161437,0.2279946302,Telchinia cabira,iNaturalist
34.8853161437,0.2279946302,Pseudacraea lucretia,iNaturalist
34.8853161437,0.2279946302,Telchinia,iNaturalist
34.901238,0.223122,Pseudacraea lucretia,iNaturalist
34.92364,0.210245,Hesperiidae,iNaturalist
34.902108,0.222687,Telchinia,iNaturalist
34.900407,0.22375,Cymothoe,iNaturalist
34.886498,0.231845,Anthene,iNaturalist
34.866452,0.238867,Evena crithea,iNaturalist
34.866443,0.238977,Adoliadini,iNaturalist
34.866442,0.238902,Euphaedra,iNaturalist
34.866373,0.239082,Euriphene,iNaturalist
34.86556,0.23973,Junonia gregorii,iNaturalist
34.866382,0.236313,Hypolimnas monteironis,iNaturalist
34.792384,-0.046635,Papilio demodocus,iNaturalist
34.8738393996,0.2278920442,Protogoniomorpha parhassus,iNaturalist
34.8729391524,0.2289598641,Junonia gregorii,iNaturalist
34.8700415205,0.2291150632,Evena crithea,iNaturalist
34.8668861389,0.2302227342,Papilio phorcas,iNaturalist
34.8847046,0.2270505,Protogoniomorpha parhassus,iNaturalist
34.8945751293,0.2255055596,Amauris tartarea tartarea,iNaturalist
34.8922577015,0.2239606188,Euphaedra,iNaturalist
34.8922577015,0.2239606188,Telchinia lycoa,iNaturalist
34.8922577015,0.2239606188,Papilio phorcas,iNaturalist
34.89781,0.22457,Nymphalidae,iNaturalist
34.923148,0.212681,Papilio phorcas,iNaturalist
34.923148,0.212681,Celaenorrhinus larseni,iNaturalist
34.923148,0.212681,Amauris,iNaturalist
34.8689011815,0.3505251534,Precis ceryne,iNaturalist
34.8689011815,0.3505251534,Rubraea egina,iNaturalist
34.8689011815,0.3505251534,Papilio echerioides joiceyi,iNaturalist
34.8689011815,0.3505251534,Cymothoe herminia,iNaturalist
34.8689011815,0.3505251534,Papilio phorcas,iNaturalist
34.8689011815,0.3505251534,Hypolimnas dinarcha,iNaturalist
34.8689011815,0.3505251534,Limenitidinae,iNaturalist
34.8689011815,0.3505251534,Pseudoneptis bugandensis,iNaturalist
34.8689011815,0.3505251534,Pseudacraea lucretia,iNaturalist
34.8689011815,0.3505251534,Euriphene,iNaturalist
34.8689011815,0.3505251534,Charaxes,iNaturalist
34.8689011815,0.3505251534,Euptera hirundo,iNaturalist
34.8689011815,0.3505251534,Nymphalidae,iNaturalist
34.8689011815,0.3505251534,Satyrini,iNaturalist
34.8689011815,0.3505251534,Afriodinia,iNaturalist
34.8689011815,0.3505251534,Amauris niavius,iNaturalist
34.8689011815,0.3505251534,Papilio lormieri,iNaturalist
34.8689011815,0.3505251534,Nireopapilio,iNaturalist
34.8689011815,0.3505251534,Mylothris,iNaturalist
34.8689011815,0.3505251534,Papilio dardanus,iNaturalist
34.8689011815,0.3505251534,Protogoniomorpha parhassus,iNaturalist
34.8689011815,0.3505251534,Hesperiinae,iNaturalist
34.8689011815,0.3505251534,Telchinia lycoa,iNaturalist
34.8689011815,0.3505251534,Junonia temora,iNaturalist
34.8689011815,0.3505251534,Pardaleodes,iNaturalist
34.8689011815,0.3505251534,Hypolimnas dinarcha grandis,iNaturalist
34.8689011815,0.3505251534,Euphaedra,iNaturalist
34.8689011815,0.3505251534,Aterica galene,iNaturalist
34.8689011815,0.3505251534,Euphaedra medon,iNaturalist
34.8689011815,0.3505251534,Telchinia penelope,iNaturalist
34.8689011815,0.3505251534,Junonia gregorii,iNaturalist
34.8689011815,0.3505251534,Evena crithea,iNaturalist
34.8689011815,0.3505251534,Hypolimnas monteironis,iNaturalist
34.8845119226,0.2259928587,Junonia temora,iNaturalist
34.8845870244,0.2260290683,Junonia gregorii,iNaturalist
34.8845870244,0.2260290683,Junonia sophia,iNaturalist
34.8845870244,0.2260290683,Junonia temora,iNaturalist
34.8845870244,0.2260290683,Euphaedra rex,iNaturalist
34.8845870244,0.2260290683,Papilio phorcas,iNaturalist
34.8847045004,0.2270504105,Junonia sophia infracta,iNaturalist
34.8847045004,0.2270504105,Evena crithea,iNaturalist
34.8847045004,0.2270504105,Bicyclus,iNaturalist
34.8847045004,0.2270504105,Acraea quirina quirina,iNaturalist
34.8847045004,0.2270504105,Amauris tartarea tartarea,iNaturalist
34.8847045004,0.2270504105,Amauris albimaculata,iNaturalist
34.8847045004,0.2270504105,Telchinia lycoa,iNaturalist
34.8847045004,0.2270504105,Euphaedra,iNaturalist
34.8847045004,0.2270504105,Papilio echerioides,iNaturalist
34.8847045004,0.2270504105,Papilio phorcas,iNaturalist
34.7518631,0.2827307,Belenois raffrayi,iNaturalist
34.7518631,0.2827307,Belenois sudanensis,iNaturalist
34.7518631,0.2827307,Papilio lormieri,iNaturalist
34.7518631,0.2827307,Tuxentius margaritaceus,iNaturalist
34.7518631,0.2827307,Anthene,iNaturalist
34.7518631,0.2827307,Telchinia penelope,iNaturalist
34.7518631,0.2827307,Junonia gregorii,iNaturalist
34.7518631,0.2827307,Nepheronia thalassina,iNaturalist
34.7518631,0.2827307,Neptis melicerta,iNaturalist
34.7518631,0.2827307,Papilio dardanus,iNaturalist
34.7518631,0.2827307,Papilio phorcas,iNaturalist
34.7518631,0.2827307,Euphaedra,iNaturalist
34.7518631,0.2827307,Hypolimnas monteironis major,iNaturalist
34.7518631,0.2827307,Papilio chrapkowskii,iNaturalist
34.7518631,0.2827307,Telchinia lycoa,iNaturalist
34.7518631,0.2827307,Charaxes bipunctatus,iNaturalist
34.7518631,0.2827307,Junonia temora,iNaturalist
34.7518631,0.2827307,Hypolimnas monteironis,iNaturalist
34.7518631,0.2827307,Celaenorrhinus,iNaturalist
34.7518631,0.2827307,Cymothoe,iNaturalist
34.8847045004,0.2270504105,Vanessula milca latifasciata,iNaturalist
34.8847045004,0.2270504105,Telchinia disjuncta,iNaturalist
34.8847045004,0.2270504105,Liptena,iNaturalist
34.8664749,0.2363341,Hesperiidae,iNaturalist
34.8664749,0.2363341,Sevenia,iNaturalist
34.8664749,0.2363341,Papilio phorcas,iNaturalist
34.8664749,0.2363341,Protogoniomorpha parhassus,iNaturalist
34.8664749,0.2363341,Telchinia lycoa,iNaturalist
34.8664749,0.2363341,Celaenorrhinus,iNaturalist
34.8664749,0.2363341,Evena crithea,iNaturalist
34.8664749,0.2363341,Junonia terea,iNaturalist
34.8683272211,0.2368289491,Belenois raffrayi,iNaturalist
34.8683224411,0.236827984,Junonia gregorii,iNaturalist
34.8683492644,0.2368244522,Belenois thysa,iNaturalist
34.8683225758,0.2368049489,Celaenorrhinus larseni,iNaturalist
34.8683162342,0.2368454489,Belenois sudanensis,iNaturalist
34.8682679819,0.2368844854,Junonia terea terea,iNaturalist
34.8683452464,0.2368518885,Acleros,iNaturalist
34.8820913488,0.2092458481,Telchinia perenna,iNaturalist
34.871919907,0.1992125768,Amauris tartarea,iNaturalist
34.875459811,0.1995526192,Satyrini,iNaturalist
34.8687430045,0.1994026878,Hypolimnas monteironis major,iNaturalist
34.8749036226,0.1988520366,Neptis agouale,iNaturalist
34.8699935945,0.1981581559,Celaenorrhinus larseni,iNaturalist
34.8687500199,0.1966114048,Euryphura chalcis,iNaturalist
34.8801598899,0.2006123954,Aterica galene,iNaturalist
34.873705601,0.203334908,Evena crithea,iNaturalist
34.8761270315,0.2016669976,Euphaedra,iNaturalist
34.8782022929,0.1966043262,Aterica galene,iNaturalist
34.8712380762,0.1981305533,Euphaedra,iNaturalist
34.8715294229,0.1977957736,Bebearia,iNaturalist
34.8720038115,0.1970150565,Euphaedra,iNaturalist
34.8702299578,0.1954050437,Euphaedra,iNaturalist
34.8770137039,0.1982324326,Bebearia,iNaturalist
34.8647448192,0.1969313017,Telchinia lycoa,iNaturalist
34.8737810438,0.196271417,Papilio dardanus,iNaturalist
34.8826953375,0.1998421108,Ceratrichia flava,iNaturalist
34.8863909116,0.19948816,Hypolimnas dinarcha grandis,iNaturalist
34.8819524237,0.2004283738,Junonia temora,iNaturalist
34.8869656577,0.2000467069,Nepheronia,iNaturalist
34.8835864319,0.2563499319,Evena crithea,iNaturalist
34.8823243993,0.2557095968,Argemma mabirensis,iNaturalist
34.8818633251,0.2559443396,Euphaedra,iNaturalist
34.8833456113,0.25452662,Papilio phorcas,iNaturalist
34.8845947541,0.2551240763,Papilio phorcas,iNaturalist
34.8867993041,0.2554069448,Junonia temora,iNaturalist
34.878961432,0.2550528823,Junonia gregorii,iNaturalist
34.8853388908,0.2570970716,Acraea quirina quirina,iNaturalist
34.8842235717,0.2497842587,Evena crithea,iNaturalist
34.8833,0.22762,Evena crithea,iNaturalist
34.8689181929,0.2358100025,Papilio phorcas,iNaturalist
34.9449777778,0.1857972222,Nireopapilio,iNaturalist
34.8844867,0.1687462,Rubraea egina,iNaturalist
34.8844867,0.1687462,Azanus natalensis,iNaturalist
34.8844867,0.1687462,Uranothauma,iNaturalist
34.8844867,0.1687462,Nymphalidae,iNaturalist
34.8844867,0.1687462,Belenois raffrayi,iNaturalist
34.8844867,0.1687462,Papilionoidea,iNaturalist
34.8844867,0.1687462,Junonia gregorii,iNaturalist
34.8844867,0.1687462,Telchinia penelope,iNaturalist
34.9329166667,0.1795777778,Sevenia,iNaturalist
34.9494555556,0.1339305556,Nymphalidae,iNaturalist
34.9329166667,0.1795777778,Junonia gregorii,iNaturalist
34.971905,0.0799,Heliconiinae,iNaturalist
34.8691625339,0.2389438344,Junonia gregorii,iNaturalist
34.8634162958,0.2388470578,Leptosia alcesta,iNaturalist
34.8691625339,0.2389438344,Eriboea etesipe,iNaturalist
34.8719308153,0.2291006078,Hesperiinae,iNaturalist
34.8773057482,0.2510638379,Protogoniomorpha parhassus,iNaturalist
34.8773057482,0.2510638379,Cymothoe hobarti,iNaturalist
34.8773057482,0.2510638379,Pseudacraea lucretia,iNaturalist
34.8773057482,0.2510638379,Euphaedra medon,iNaturalist
34.8773057482,0.2510638379,Evena crithea,iNaturalist
34.8773057482,0.2510638379,Papilio dardanus,iNaturalist
34.8773057482,0.2510638379,Junonia gregorii,iNaturalist
34.8773057482,0.2510638379,Afriodinia neavei,iNaturalist
34.856186,0.29148,Afriodinia neavei,iNaturalist
34.856186,0.29148,Junonia gregorii,iNaturalist
34.7548247047,-0.090671633,Leptotes,iNaturalist
34.7537089057,-0.0911007859,Junonia sophia infracta,iNaturalist
34.7538805671,-0.0911007859,Telchinia,iNaturalist
34.7539663978,-0.0910149554,Borbo,iNaturalist
34.7545672126,-0.0904999719,Junonia terea,iNaturalist
34.7538376517,-0.0903283107,Hesperiinae,iNaturalist
34.7497177787,-0.110584322,Junonia chorimene,iNaturalist
34.7502327628,-0.1113567967,Belenois creona,iNaturalist
34.7543955512,-0.090070819,Bicyclus safitza,iNaturalist
34.7538222222,-0.1077944444,Zizeeria knysna,iNaturalist
34.7513056464,-0.1110993051,Junonia terea,iNaturalist
34.7537089057,-0.090671633,Hypolycaena philippus,iNaturalist
34.7557902999,-0.0914441083,Euchrysops malathana,iNaturalist
34.7511339851,-0.1114426272,Eretis,iNaturalist
34.7520781226,-0.110584322,Belenois,iNaturalist
34.7509623237,-0.1117859493,Papilio nireus,iNaturalist
34.7463274665,-0.1181374075,Danaus chrysippus,iNaturalist
34.7459412284,-0.1165495431,Polyommatinae,iNaturalist
34.7485590644,-0.1131163224,Pyrginae,iNaturalist
34.7498036094,-0.1129875767,Papilio demodocus,iNaturalist
34.7512198157,-0.1111851357,Junonia terea,iNaturalist
34.7522926994,-0.1102839151,Polyommatini,iNaturalist
34.751069612,-0.1112495085,Junonia oenone oenone,iNaturalist
34.8849045702,0.2260190676,Charaxes cithaeron,iNaturalist
34.8849045702,0.2260190676,Telchinia lycoa,iNaturalist
34.7518631,0.2827307,Polyommatini,iNaturalist
34.7679568,-0.0917016,Pinacopteryx eriphia,iNaturalist
34.8953566667,0.2258583333,Junonia gregorii,iNaturalist
34.884655,0.226919,Amauris echeria,iNaturalist
34.884655,0.226919,Junonia sophia,iNaturalist
34.8902683504,0.2261231618,Papilio ophidicephalus,iNaturalist
34.8902919057,0.2261017444,Amauris albimaculata,iNaturalist
34.8901894202,0.2260789409,Euphaedra medon,iNaturalist
35.1617533333,-0.2686183333,Zizula hylax,iNaturalist
34.7740791366,0.3078822503,Acraeini,iNaturalist
34.7740793,0.307894,Telchinia penelope,iNaturalist
34.8965416667,0.2251333333,Junonia gregorii,iNaturalist
34.8873877203,0.2292606246,Belenois raffrayi,iNaturalist
34.8763394024,0.2524168778,Papilio phorcas,iNaturalist
34.880316778,0.2607281589,Telchinia,iNaturalist
34.8853548269,0.2524220863,Junonia temora,iNaturalist
34.8806310808,0.2553078861,Hypolimnas dinarcha,iNaturalist
34.8853135876,0.2531513475,Protogoniomorpha parhassus,iNaturalist
34.8811164502,0.255372426,Evena crithea,iNaturalist
34.8764661642,0.2560252605,Junonia,iNaturalist
34.8873025314,0.2558297767,Neptis agouale,iNaturalist
34.8875087221,0.254574805,Evena crithea,iNaturalist
34.8797288352,0.253765733,Neptis agouale,iNaturalist
34.8791116194,0.2627273216,Euphaedra,iNaturalist
34.8819436899,0.2550979015,Junonia gregorii,iNaturalist
34.8925822851,0.2413982088,Charaxes brutus,iNaturalist
34.8906296369,0.2426107759,Euphaedra rattrayi,iNaturalist
34.8911660788,0.2367024238,Belenois aurota,iNaturalist
34.7473055769,-0.1124693053,Papilio nireus,iNaturalist
34.7473366735,-0.112452755,Coeliades forestan,iNaturalist
34.7474105079,-0.1124258923,Catopsilia florella,iNaturalist
34.7474343463,-0.1124450861,Junonia chorimene,iNaturalist
34.7473363412,-0.11245307,Junonia sophia,iNaturalist
34.7474393127,-0.112420896,Papilio nireus,iNaturalist
34.7473068696,-0.1124718654,Junonia terea,iNaturalist
34.7472314697,-0.1124072082,Junonia oenone oenone,iNaturalist
34.7472072839,-0.1123001085,Junonia sophia,iNaturalist
34.7472398348,-0.1123536829,Belenois thysa,iNaturalist
34.7472383052,-0.1123529292,Mylothris agathina,iNaturalist
34.7464683395,-0.1133406843,Catopsilia florella,iNaturalist
34.7450478,-0.1168941381,Danaus chrysippus dorippus,iNaturalist
34.744864026,-0.116552566,Papilio dardanus,iNaturalist
34.7444114598,-0.1160602575,Papilio constantinus,iNaturalist
34.883725,0.227295,Junonia temora,iNaturalist
34.8836666667,0.2185533333,Junonia gregorii,iNaturalist
34.895405,0.2302716667,Junoniini,iNaturalist
34.884655,0.226919,Tuxentius margaritaceus,iNaturalist
34.8461750186,0.3144996465,Hypolimnas monteironis,iNaturalist
35.134015,0.0650733333,Eurytela dryope,iNaturalist
34.8562828079,0.2923799655,Telchinia,iNaturalist
34.9048194161,0.2564961864,Evena crithea,iNaturalist
34.9048194161,0.2564961864,Eretis,iNaturalist
34.7447192448,-0.1152181546,Amauris niavius,iNaturalist
34.87889294,0.2806357914,Leptosia alcesta,iNaturalist
34.8592971042,0.297738755,Euphaedra medon,iNaturalist
34.8633624127,0.2786397443,Hesperiinae,iNaturalist
34.8590488215,0.2502153318,Acraeini,iNaturalist
34.8558824771,0.2707784867,Libythea labdaca,iNaturalist
34.8606158014,0.294872952,Lycaenopsina,iNaturalist
34.9155689882,0.2777052204,Junonia sophia,iNaturalist
34.8284060842,0.2782523192,Junonia temora,iNaturalist
34.8725730829,0.3039161293,Mycalesina,iNaturalist
34.8783653943,0.2738126113,Vanessula milca,iNaturalist
34.8874788958,0.2822190357,Junonia sophia infracta,iNaturalist
34.8301178441,0.2947375499,Amauris albimaculata,iNaturalist
34.9191977643,0.2975016068,Telchinia perenna,iNaturalist
34.8511245104,0.2952579828,Acraeini,iNaturalist
34.8577014719,0.2935797812,Telchinia peneleos,iNaturalist
34.8553493512,0.2928038228,Junonia gregorii,iNaturalist
34.8593504713,0.2931024585,Acraeini,iNaturalist
34.8559430638,0.2950770918,Telchinia lycoa,iNaturalist
34.8549689677,0.2929574747,Celaenorrhinus,iNaturalist
34.8617636323,0.294209037,Apallaga,iNaturalist
34.844195073,0.2782332686,Neptis metella,iNaturalist
34.8598565561,0.2923957272,Telchinia esebria,iNaturalist
34.8388558728,0.2934057988,Telchinia peneleos,iNaturalist
34.862120289,0.2914873945,Acleros,iNaturalist
34.8626874552,0.2915489184,Afriodinia neavei,iNaturalist
34.8563972133,0.2952593164,Cymothoe hobarti,iNaturalist
34.8557365723,0.2921309463,Eurytela hiarbas,iNaturalist
34.8696566457,0.2381724905,Papilio phorcas,iNaturalist
34.8562762563,0.292326389,Apallaga,iNaturalist
34.855848981,0.2917338659,Nymphalidae,iNaturalist
34.8567810947,0.2918697734,Vanessula milca,iNaturalist
34.7740793,0.307894,Hesperiinae,iNaturalist
34.7740793,0.307894,Leptotes pirithous,iNaturalist
34.7740793,0.307894,Eretis,iNaturalist
34.7740793,0.307894,Anthene,iNaturalist
34.7740793,0.307894,Junonia temora temora,iNaturalist
34.7740793,0.307894,Polyura paphianus,iNaturalist
34.884705,0.227051,Celaenorrhinus mediostictus,iNaturalist
34.8801918191,0.1999774913,Pseudacraea lucretia,iNaturalist
34.8789733833,0.1984381685,Telchinia,iNaturalist
34.8773690362,0.197967008,Papilio phorcas,iNaturalist
34.8767251578,0.1990967922,Cymothoe herminia,iNaturalist
34.8765322444,0.1993947242,Junonia gregorii,iNaturalist
34.876307158,0.1998436375,Protogoniomorpha parhassus,iNaturalist
34.8763607101,0.2000535189,Junonia temora,iNaturalist
34.8763568424,0.2004201368,Protogoniomorpha parhassus,iNaturalist
34.8764802433,0.200827903,Junonia temora,iNaturalist
34.8766010097,0.2011728555,Eriboea etesipe,iNaturalist
34.8769829302,0.2038027476,Acraeini,iNaturalist
34.877124742,0.2056135014,Cymothoe hobarti,iNaturalist
34.8774386925,0.2067707329,Bematistes poggei,iNaturalist
34.8774942779,0.207189626,Euphaedra,iNaturalist
34.8776198882,0.2074545523,Telchinia lycoa,iNaturalist
34.8777451523,0.2077936548,Junonia temora temora,iNaturalist
34.8798416667,0.210555,Telchinia lycoa,iNaturalist
34.88065,0.2112816667,Cymothoe coranus,iNaturalist
34.88068,0.2121,Eriboea etesipe,iNaturalist
34.881665,0.2130866667,Euphaedra rex,iNaturalist
34.8790676537,0.2092199135,Protogoniomorpha parhassus,iNaturalist
34.8825066667,0.2150133333,Neptis,iNaturalist
34.8820716667,0.21491,Euryphura chalcis,iNaturalist
34.88213,0.2153216667,Afriodinia,iNaturalist
34.882755,0.21739,Papilionoidea,iNaturalist
34.8828233333,0.2175233333,Papilionoidea,iNaturalist
34.8828616667,0.2177466667,Junonia gregorii,iNaturalist
34.8829266667,0.2178083333,Protogoniomorpha parhassus,iNaturalist
34.8829266667,0.2178233333,Acraeini,iNaturalist
34.883065,0.2179683333,Junonia temora,iNaturalist
34.8830916667,0.2179933333,Hesperiidae,iNaturalist
34.8830116667,0.21783,Protogoniomorpha parhassus,iNaturalist
34.8831516667,0.2181083333,Eagris,iNaturalist
34.8831666667,0.21814,Charaxini,iNaturalist
34.8833083333,0.2183433333,Eriboea etesipe,iNaturalist
34.8835333333,0.21853,Apallaga,iNaturalist
34.8835333333,0.21853,Eurema hecabe,iNaturalist
34.8835366667,0.2185333333,Hesperiidae,iNaturalist
34.88361,0.2185816667,Bicyclus,iNaturalist
34.8832506783,0.2183920342,Evena crithea,iNaturalist
34.8837942565,0.2186850477,Anthene,iNaturalist
34.8840982572,0.2188802005,Cymothoe,iNaturalist
34.8841733582,0.2190143021,Neptis,iNaturalist
34.8838407643,0.218754486,Cymothoe lurida butleri,iNaturalist
34.8845183333,0.2190883333,Papilionoidea,iNaturalist
34.8848916667,0.2207283333,Afriodinia neavei,iNaturalist
34.8849366667,0.2207266667,Junonia gregorii,iNaturalist
34.8848214143,0.2207952758,Vanessula milca latifasciata,iNaturalist
34.8820275522,0.2108171115,Nymphalidae,iNaturalist
34.8831433511,0.2118470727,Hypolimnas monteironis major,iNaturalist
34.8811468526,0.2103879609,Acraeini,iNaturalist
34.8826059743,0.21025916,Junonia gregorii,iNaturalist
34.8827216313,0.2126618831,Pseudacraea eurytus eurytus,iNaturalist
34.8842170005,0.2193691417,Vanessula milca latifasciata,iNaturalist
34.8818139416,0.2170168417,Hesperiidae,iNaturalist
34.8863846602,0.2253658884,Eretis,iNaturalist
34.8850411532,0.2262499606,Bicyclus dentata,iNaturalist
34.8850228959,0.2263705722,Junonia sophia,iNaturalist
34.8847412639,0.2263813009,Junonia sophia,iNaturalist
34.9460111111,0.1865138889,Evena crithea,iNaturalist
34.8549128399,0.3155554756,Vanessula milca latifasciata,iNaturalist
34.8544875101,0.3160567764,Papilio phorcas,iNaturalist
34.8542617171,0.3158522401,Neptis melicerta,iNaturalist
34.8552539658,0.315416998,Nepheronia thalassina,iNaturalist
34.8544507216,0.3165867861,Junonia gregorii,iNaturalist
34.854625183,0.3165917057,Junonia sophia infracta,iNaturalist
34.8541843544,0.314621644,Ceratrichia semlikensis,iNaturalist
34.8547023381,0.3163918935,Tagiadinae,iNaturalist
34.8780636221,0.2272060008,Protogoniomorpha,iNaturalist
34.8870365607,0.2270029302,Evena crithea,iNaturalist
34.86543,0.2402866667,Euriphene ribensis,iNaturalist
34.8659933333,0.2409483333,Telchinia penelope,iNaturalist
34.8666466667,0.2382,Evena crithea,iNaturalist
34.8666466667,0.2382,Euphaedra rattrayi,iNaturalist
34.8912266667,0.234045,Papilio echerioides,iNaturalist
34.8912266667,0.234045,Papilio echerioides joiceyi,iNaturalist
34.8847633333,0.227215,Telchinia perenna perenna,iNaturalist
34.8649766667,0.23365,Evena crithea,iNaturalist
34.8649766667,0.23365,Pseudacraea boisduvalii,iNaturalist
34.86533,0.23547,Celaenorrhinus,iNaturalist
34.8655383333,0.235675,Hesperiidae,iNaturalist
34.8655183333,0.2355483333,Leptosia alcesta,iNaturalist
34.923935,0.2119066667,Amauris albimaculata,iNaturalist
34.923935,0.2119066667,Cyrestis camillus,iNaturalist
34.923515,0.20985,Junonia gregorii,iNaturalist
34.856283,0.29238,Euphaedra rattrayi,iNaturalist
34.856283,0.29238,Evena crithea,iNaturalist
34.8561365086,0.3057489703,Evena crithea,iNaturalist
34.877791047,0.3403422785,Papilio phorcas,iNaturalist
34.8562828079,0.2923799655,Protogoniomorpha parhassus,iNaturalist
34.8562828079,0.2923799655,Hypolimnas anthedon,iNaturalist
34.8562828079,0.2923799655,Eurytela hiarbas,iNaturalist
34.8562828079,0.2923799655,Junonia gregorii,iNaturalist
34.88465,0.226575,Satyrini,iNaturalist
34.8847222222,0.2267111111,Hypolimnas anthedon anthedon,iNaturalist
34.8843777778,0.2264888889,Junonia sophia,iNaturalist
34.8749452541,0.2264061574,Cymothoe hobarti hobarti,iNaturalist
34.8727714809,0.2282190801,Junonia gregorii,iNaturalist
34.8943433333,0.2260833333,Telchinia peneleos,iNaturalist
34.8943433333,0.2260833333,Papilio dardanus,iNaturalist
34.8943433333,0.2260833333,Telchinia semivitrea,iNaturalist
34.8944366667,0.226095,Pseudacraea lucretia,iNaturalist
34.8943933333,0.2260433333,Telchinia semivitrea,iNaturalist
34.8943933333,0.2260433333,Euryphura chalcis,iNaturalist
34.8943933333,0.2260433333,Junonia gregorii,iNaturalist
34.8644483333,0.2346816667,Ypthima albida,iNaturalist
34.8646883333,0.2353616667,Leptosia nupta,iNaturalist
34.865245,0.23564,Telchinia perenna perenna,iNaturalist
34.8658566667,0.23616,Leptosia nupta,iNaturalist
34.8656366667,0.2366083333,Zizula hylax hylax,iNaturalist
34.8657216667,0.2361966667,Tagiadinae,iNaturalist
34.9243033333,0.21177,Zizeeria knysna,iNaturalist
34.923665,0.21244,Junonia gregorii,iNaturalist
34.9232166667,0.2130333333,Cyrestis camillus,iNaturalist
34.7518631,0.2827307,Pieridae,iNaturalist
34.7518631,0.2827307,Pseudoneptis bugandensis ianthe,iNaturalist
34.7518631,0.2827307,Lycaenidae,iNaturalist
34.7518631,0.2827307,Acraeini,iNaturalist
34.7518631,0.2827307,Neptis metella,iNaturalist
34.7518631,0.2827307,Cymothoe hobarti,iNaturalist
34.7518631,0.2827307,Junonia terea,iNaturalist
34.92387,0.21242,Junonia sophia,iNaturalist
34.9407733333,0.181015,Mylothris,iNaturalist
34.8499823195,0.2937740847,Vanessula milca,iNaturalist
34.8380371003,0.295776793,Belenois rubrosignata,iNaturalist
34.8469635028,0.295090162,Afriodinia neavei,iNaturalist
34.8459335185,0.2957767944,Apallaga opalinus,iNaturalist
34.8365152629,0.2925551096,Evena crithea,iNaturalist
34.8521133385,0.2978367051,Charaxes brutus,iNaturalist
34.8555465663,0.2970642397,Telchinia semivitrea,iNaturalist
34.8409553344,0.296205954,Zizula hylax,iNaturalist
34.8559911382,0.2974479916,Neptis metella,iNaturalist
34.8499020056,0.2926000559,Amauris,iNaturalist
35.2109783333,0.2464816667,Junonia sophia,iNaturalist
34.7575690597,-0.0680878178,Belenois,iNaturalist
34.7575690597,-0.0680878178,Papilio demodocus,iNaturalist
34.7637488678,-0.0804474222,Junonia chorimene,iNaturalist
34.7637488678,-0.0804474222,Belenois,iNaturalist
34.7637488678,-0.0804474222,Pelopidas,iNaturalist
34.7568824142,-0.0529816251,Eurema,iNaturalist
34.7568824142,-0.0529816251,Zizeeria knysna,iNaturalist
34.7568824142,-0.0529816251,Junonia terea,iNaturalist
34.7568824142,-0.0529816251,Eurema brigitta,iNaturalist
34.7568824142,-0.0529816251,Junonia chorimene,iNaturalist
34.7582556633,-0.0536682218,Catopsilia,iNaturalist
34.7582556633,-0.0536682218,Zizeeria knysna,iNaturalist
34.7582556633,-0.0536682218,Junonia sophia,iNaturalist
34.7582556633,-0.0536682218,Zizula,iNaturalist
35.1904616667,0.4004666667,Mylothris,iNaturalist
35.1904616667,0.4004666667,Junonia terea,iNaturalist
35.1904466667,0.40027,Eretis,iNaturalist
34.9405583333,0.1812,Amauris albimaculata,iNaturalist
34.865998528,0.2362590025,Bicyclus,iNaturalist
34.8657755155,0.2358548668,Euphaedra rex,iNaturalist
34.8666684421,0.2400115504,Nepheronia pharis pharis,iNaturalist
34.8651880303,0.2397794725,Telchinia lycoa,iNaturalist
34.8683644093,0.2341267497,Pyrginae,iNaturalist
34.8669676959,0.2359290549,Euphaedra rex,iNaturalist
34.8842470337,0.2267821629,Cymothoe hobarti,iNaturalist
34.8660888611,0.2363279722,Hesperiidae,iNaturalist
34.881065,0.254639,Eriboea etesipe,iNaturalist
34.881065,0.254639,Junonia gregorii,iNaturalist
34.881065,0.254639,Pseudoneptis bugandensis,iNaturalist
34.881065,0.254639,Vanessula milca latifasciata,iNaturalist
34.881065,0.254639,Libythea labdaca,iNaturalist
34.881065,0.254639,Evena crithea,iNaturalist
34.881065,0.254639,Charaxes smaragdalis,iNaturalist
34.881065,0.254639,Euphaedra rex,iNaturalist
34.881065,0.254639,Leptosia alcesta inalcesta,iNaturalist
34.881065,0.254639,Junonia sophia,iNaturalist
34.881065,0.254639,Bicyclus dentata,iNaturalist
35.0107231139,-0.2372354267,Junonia sophia infracta,iNaturalist
34.8662710189,0.2415268421,Belenois creona severina,iNaturalist
34.8657334976,0.3420078507,Papilio chrapkowskii,iNaturalist
34.8657334976,0.3420078507,Graphium policenes policenes,iNaturalist
34.8657334976,0.3420078507,Papilio phorcas,iNaturalist
34.8662710189,0.2415268421,Papilio demodocus,iNaturalist
34.8657334976,0.3420078507,Graphium policenes,iNaturalist
34.8657334976,0.3420078507,Papilio,iNaturalist
34.8657334976,0.3420078507,Papilio lormieri neocrocea,iNaturalist
34.8657334976,0.3420078507,Protogoniomorpha parhassus,iNaturalist
34.8662710189,0.2415268421,Junonia gregorii,iNaturalist
34.8662710189,0.2415268421,Junonia oenone,iNaturalist
34.8662710189,0.2415268421,Precis octavia sesamus,iNaturalist
34.8657334976,0.3420078507,Hypolimnas monteironis,iNaturalist
34.8657334976,0.3420078507,Hypolimnas anthedon,iNaturalist
34.8662710189,0.2415268421,Hypolimnas misippus,iNaturalist
34.8662710189,0.2415268421,Pseudargynnis hegemone,iNaturalist
34.8662710189,0.2415268421,Euphaedra rattrayi,iNaturalist
34.8662710189,0.2415268421,Evena crithea,iNaturalist
34.8657334976,0.3420078507,Telchinia,iNaturalist
34.8657334976,0.3420078507,Tildia acara,iNaturalist
34.8657334976,0.3420078507,Tildia zetes zetes,iNaturalist
34.8657334976,0.3420078507,Amauris albimaculata,iNaturalist
34.8657334976,0.3420078507,Tirumala formosa,iNaturalist
34.8657334976,0.3420078507,Danaus chrysippus alcippus,iNaturalist
34.8657334976,0.3420078507,Cyrestis camillus camillus,iNaturalist
34.8657334976,0.3420078507,Charaxes fulvescens,iNaturalist
34.8657334976,0.3420078507,Charaxes castor,iNaturalist
34.8657334976,0.3420078507,Pseudacraea,iNaturalist
34.8662710189,0.2415268421,Amauris niavius,iNaturalist
34.856283,0.29238,Neptis saclava,iNaturalist
35.2619860321,-0.1599751197,Junonia sophia,iNaturalist
34.7490916667,-0.1166166667,Coeliades,iNaturalist
34.8666945399,0.2398602586,Junonia temora temora,iNaturalist
34.8647500054,0.2378172481,Papilio phorcas,iNaturalist
34.8649450284,0.2381850431,Junonia gregorii,iNaturalist
34.8651166764,0.2383137675,Evena crithea,iNaturalist
34.8655887616,0.2378846345,Telchinia peneleos,iNaturalist
34.8648680697,0.2373162828,Telchinia lycoa,iNaturalist
34.8995885292,0.2047370701,Evena crithea,iNaturalist
34.8995885292,0.2047370701,Charaxinae,iNaturalist
34.8995885292,0.2047370701,Polyommatinae,iNaturalist
34.8995885292,0.2047370701,Cyrestis camillus,iNaturalist
34.856283,0.29238,Bebearia sophus audeoudi,iNaturalist
34.856283,0.29238,Bicyclus anynana,iNaturalist
34.856283,0.29238,Bicyclus safitza,iNaturalist
34.7740793,0.307894,Euryphura isuka,iNaturalist
34.7740793,0.307894,Euptera elabontas,iNaturalist
34.894929007,0.2914146643,Ypthima asterope,iNaturalist
34.8949289617,0.2831750457,Neptis,iNaturalist
34.9031686977,0.2996543654,Bebearia,iNaturalist
34.8949288307,0.2776818635,Euphaedra rex,iNaturalist
34.7740793,0.307894,Phalanta eurytis eurytis,iNaturalist
34.7740793,0.307894,Pseudacraea lucretia,iNaturalist
34.8921823273,0.2859216389,Eurema hecabe,iNaturalist
34.8811959992,0.2914147332,Neptidopsis ophione nucleata,iNaturalist
34.7493592876,0.3188809558,Neptis saclava,iNaturalist
34.7740793,0.307894,Dixeia,iNaturalist
34.7740793,0.307894,Pseudanaphaeis gidica abyssinica,iNaturalist
34.7740793,0.307894,Papilio lormieri,iNaturalist
34.7740793,0.307894,Cyrestis camillus camillus,iNaturalist
34.7740793,0.307894,Vanessula milca,iNaturalist
34.856474,0.29134,Aterica galene extensa,iNaturalist
34.8877266794,0.2472234669,Euphaedra rattrayi coeruleomaculata,iNaturalist
34.8949602619,0.2452124993,Papilio phorcas,iNaturalist
34.9110233411,0.2659712493,Euryphura isuka,iNaturalist
34.8871999606,0.2525432426,Charaxes,iNaturalist
34.8961276934,0.2499918158,Telchinia lycoa,iNaturalist
34.9034011737,0.2506623617,Bematistes macarista,iNaturalist
34.7091790661,0.0478107054,Hypolimnas misippus,iNaturalist
34.9072504789,0.2480116937,Junonia sophia infracta,iNaturalist
34.7090945765,0.0478995536,Junonia sophia infracta,iNaturalist
34.7088447958,0.0475146567,Papilio demodocus demodocus,iNaturalist
34.7091203928,0.0476470907,Hypolimnas misippus,iNaturalist
34.8758253828,0.2244322596,Cymothoe lurida butleri,iNaturalist
34.8792498931,0.2462102718,Junonia gregorii,iNaturalist
34.8763659068,0.3513532658,Euphaedra rattrayi coeruleomaculata,iNaturalist
34.8763659068,0.3513532658,Afriodinia neavei,iNaturalist
34.8763659068,0.3513532658,Protogoniomorpha parhassus,iNaturalist
34.8763659068,0.3513532658,Hypolimnas monteironis,iNaturalist
34.8763659068,0.3513532658,Junonia gregorii,iNaturalist
34.8763659068,0.3513532658,Pardaleodes,iNaturalist
34.8763659068,0.3513532658,Eurema desjardinsii regularis,iNaturalist
34.8763659068,0.3513532658,Hesperiinae,iNaturalist
34.8763659068,0.3513532658,Papilio phorcas,iNaturalist
34.8631773691,0.347243774,Evena crithea,iNaturalist
34.8639917996,0.3528883953,Belenois aurota,iNaturalist
34.9232469319,0.2129173559,Zizeeria knysna knysna,iNaturalist
34.9232469319,0.2129173559,Telchinia penelope,iNaturalist
34.9232469319,0.2129173559,Pseudacraea,iNaturalist
34.9232469319,0.2129173559,Anthene,iNaturalist
34.9232469319,0.2129173559,Zizula hylax,iNaturalist
34.9232469319,0.2129173559,Nepheronia thalassina sinalata,iNaturalist
34.9232469319,0.2129173559,Eurema brigitta brigitta,iNaturalist
34.9232469319,0.2129173559,Telchinia orestia,iNaturalist
34.9232469319,0.2129173559,Telchinia,iNaturalist
34.9232469319,0.2129173559,Sevenia occidentalium occidentalium,iNaturalist
34.9232469319,0.2129173559,Phalanta eurytis eurytis,iNaturalist
34.9232469319,0.2129173559,Telchinia perenna perenna,iNaturalist
34.9232469319,0.2129173559,Cyrestis camillus,iNaturalist
34.9232469319,0.2129173559,Telchinia lycoa,iNaturalist
34.9232469319,0.2129173559,Phalanta,iNaturalist
34.9232469319,0.2129173559,Sevenia occidentalium,iNaturalist
34.9232469319,0.2129173559,Eriboea etesipe,iNaturalist
34.9232469319,0.2129173559,Junonia gregorii,iNaturalist
34.887501,0.2262859722,Telchinia lycoa,iNaturalist
34.8845209722,0.211047,Hypolimnas monteironis major,iNaturalist
34.8788679722,0.200308,Telchinia penelope,iNaturalist
34.887456,0.2271929722,Junonia gregorii,iNaturalist
34.856283,0.29238,Cyrestis camillus camillus,iNaturalist
34.856283,0.29238,Amauris echeria jacksoni,iNaturalist
34.856283,0.29238,Telchinia disjuncta,iNaturalist
34.856283,0.29238,Vanessula milca,iNaturalist
34.856283,0.29238,Euphaedra rattrayi coeruleomaculata,iNaturalist
34.856283,0.29238,Junonia temora,iNaturalist
34.8931777778,0.2262083333,Celaenorrhinus,iNaturalist
34.8931777778,0.2262083333,Lycaenidae,iNaturalist
34.8966277778,0.2251361111,Apallaga,iNaturalist
34.9013222222,0.2177777778,Nymphalidae,iNaturalist
34.8848495483,0.2271366715,Junonia gregorii,iNaturalist
34.8070382844,0.310640542,Euphaedra rex,iNaturalist
34.9236611413,0.212301067,Amauris,iNaturalist
34.8152780722,0.299654407,Telchinia semivitrea,iNaturalist
34.9919717009,0.3167597937,Papilio phorcas,iNaturalist
34.9342031804,0.2333546077,Anthene,iNaturalist
34.8270887899,0.3162921473,Charaxes smaragdalis,iNaturalist
34.8255192427,0.3046733682,Telchinia peneleos peneleos,iNaturalist
34.9352544902,0.2059710251,Cymothoe hobarti hobarti,iNaturalist
34.9124936547,0.2215453672,Hypolycaena hatita,iNaturalist
34.9239227703,0.2121903925,Libythea labdaca,iNaturalist
34.9239227703,0.2121903925,Euphaedra rex,iNaturalist
34.9239227703,0.2121903925,Apallaga galenus,iNaturalist
34.8747790933,0.2337416447,Telchinia esebria,iNaturalist
34.8747790933,0.2337416447,Anthene,iNaturalist
34.8715493626,0.2332498691,Acraeini,iNaturalist
34.8715493626,0.2332498691,Neptis saclava,iNaturalist
34.8715493626,0.2332498691,Papilio phorcas,iNaturalist
34.8715493626,0.2332498691,Hypolimnas anthedon anthedon,iNaturalist
34.8718885526,0.2331180095,Charaxes smaragdalis,iNaturalist
34.8718885526,0.2331180095,Telchinia,iNaturalist
34.8718885526,0.2331180095,Bicyclus,iNaturalist
34.8718885526,0.2331180095,Junonia gregorii,iNaturalist
34.7518631,0.2827307,Anthene jeanneli,iNaturalist
34.85003,0.310873,Hypolimnas monteironis major,iNaturalist
34.7518631,0.2827307,Cymothoe lurida butleri,iNaturalist
34.7740793,0.307894,Neptis,iNaturalist
34.8630279162,0.3211103644,Nymphalidae,iNaturalist
34.8630279162,0.3211103644,Telchinia sotikensis sotikensis,iNaturalist
34.8630279162,0.3211103644,Junonia oenone,iNaturalist
34.8963302998,0.25227504,Hypolimnas misippus,iNaturalist
34.8963302998,0.25227504,Junonia gregorii,iNaturalist
34.8658083156,0.3479009575,Evena crithea,iNaturalist
34.8748836423,0.3338475187,Amauris echeria jacksoni,iNaturalist
34.8685928363,0.3067629746,Junonia temora temora,iNaturalist
34.8562828079,0.292384324,Leptosia,iNaturalist
34.8562828079,0.292384324,Cyrestis camillus,iNaturalist
34.8562828079,0.292384324,Neptis,iNaturalist
34.8562828079,0.292384324,Apaturopsis cleochares cleochares,iNaturalist
34.8562828079,0.292384324,Nymphalidae,iNaturalist
34.8562828079,0.292384324,Papilio phorcas,iNaturalist
34.7896406427,-0.0450373022,Pseudanaphaeis gidica,iNaturalist
34.8918962628,0.2246608092,Vanessula milca latifasciata,iNaturalist
34.8918962628,0.2246608092,Telchinia perenna perenna,iNaturalist
34.8852765708,0.2263157196,Anthene larydas,iNaturalist
34.8852443842,0.2257122273,Bicyclus,iNaturalist
34.8857593684,0.2239097967,Telchinia peneleos,iNaturalist
34.8856145291,0.225138239,Junonia gregorii,iNaturalist
34.8852014689,0.22654907,Junonia terea,iNaturalist
34.7619086131,-0.0970469696,Papilio demodocus,iNaturalist
34.8844397215,0.2258248792,Vanessula milca latifasciata,iNaturalist
34.8852551131,0.2261762459,Pardaleodes incerta,iNaturalist
34.8850941805,0.224725182,Junonia gregorii,iNaturalist
34.8850941805,0.224725182,Lachnoptera ayresii,iNaturalist
34.8850941805,0.224725182,Euryphura isuka,iNaturalist
34.884933248,0.2259268024,Neptis melicerta,iNaturalist
34.884933248,0.2259268024,Junonia sophia infracta,iNaturalist
34.884933248,0.2259268024,Zizeeria knysna knysna,iNaturalist
34.8849868922,0.2251114171,Bematistes macarista,iNaturalist
34.8859954028,0.2219035196,Junonia temora temora,iNaturalist
34.8852014689,0.22654907,Cyrestis camillus camillus,iNaturalist
34.8852014689,0.22654907,Junonia gregorii,iNaturalist
34.8856708555,0.2257095451,Hypolimnas,iNaturalist
34.8856708555,0.2257095451,Papilio phorcas ruscoei,iNaturalist
34.8856708555,0.2257095451,Bicyclus,iNaturalist
34.8853248505,0.2264954262,Bematistes macarista,iNaturalist
34.8852014689,0.22654907,Evena crithea,iNaturalist
34.8857218174,0.2258543833,Afriodinia neavei,iNaturalist
34.8852014689,0.22654907,Sevenia boisduvali omissa,iNaturalist
34.87918,0.3529216667,Junonia gregorii,iNaturalist
34.7518631,0.2827307,Junonia sophia,iNaturalist
34.923255,0.2127516667,Anthene ligures,iNaturalist
34.9231666667,0.2129066667,Sarangesa,iNaturalist
34.923305,0.21278,Junonia gregorii,iNaturalist
34.923465,0.2130166667,Cyrestis camillus,iNaturalist
34.923465,0.2130166667,Papilio phorcas,iNaturalist
34.923465,0.2130166667,Belenois sudanensis,iNaturalist
34.9236,0.2127016667,Uranothauma heritsia,iNaturalist
34.923965,0.2119733333,Libythea labdaca,iNaturalist
34.9244466667,0.2117433333,Telchinia peneleos,iNaturalist
34.8825818902,0.2736560844,Junonia gregorii,iNaturalist
34.8808301676,0.285497608,Junonia sophia,iNaturalist
34.8772095114,0.2816727059,Nymphalidae,iNaturalist
34.884569,0.226823,Amauris niavius niavius,iNaturalist
34.9239166667,0.2119283333,Eicochrysops hippocrates,iNaturalist
34.924015,0.2120316667,Tuxentius margaritaceus,iNaturalist
34.924015,0.2120316667,Papilio phorcas,iNaturalist
34.9240916667,0.2117333333,Nireopapilio,iNaturalist
34.885875,0.2269388889,Vanessula milca latifasciata,iNaturalist
34.923695,0.2116416667,Junonia gregorii,iNaturalist
34.9238733333,0.2118333333,Cacyreus,iNaturalist
34.9238733333,0.2118333333,Anthene ligures,iNaturalist
34.9238733333,0.2118333333,Anthene larydas,iNaturalist
34.924015,0.2120316667,Cyrestis camillus camillus,iNaturalist
34.869269,0.298225,Euphaedra,iNaturalist
34.8692746241,0.2984628935,Amauris hecate,iNaturalist
34.8693075431,0.2983073135,Papilio phorcas ruscoei,iNaturalist
34.8693067574,0.2987916665,Junonia gregorii,iNaturalist
34.86930968,0.2987813236,Cacyreus,iNaturalist
34.8693025747,0.2990294007,Anthene,iNaturalist
34.8693119913,0.299035105,Eicochrysops hippocrates,iNaturalist
34.8688124968,0.2992164405,Eicochrysops hippocrates,iNaturalist
34.8688009339,0.2991762491,Telchinia perenna perenna,iNaturalist
34.868788641,0.2992029076,Telchinia perenna,iNaturalist
34.868723378,0.2993329357,Belenois aurota aurota,iNaturalist
34.923705,0.2124,Phalanta eurytis eurytis,iNaturalist
34.93021333,0.21069667,Cyrestis camillus,iNaturalist
34.88457833,0.22583667,Leptosia,iNaturalist
34.88256167,0.21683,Papilio lormieri neocrocea,iNaturalist
35.2794856881,-0.1251403666,Junonia,iNaturalist
34.88432167,0.22712167,Junonia sophia,iNaturalist
34.8942728603,0.2345538498,Evena crithea,iNaturalist
34.891695369,0.2416598347,Junonia gregorii,iNaturalist
34.9917789113,0.0818225678,Cyrestis camillus,iNaturalist
34.9917789113,0.0818225678,Anthene,iNaturalist
34.9917789113,0.0818225678,Belenois victoria,iNaturalist
34.9917789113,0.0818225678,Papilio hornimani,iNaturalist
34.9917789113,0.0818225678,Harpendyreus,iNaturalist
34.9917789113,0.0818225678,Antanartia,iNaturalist
34.9917789113,0.0818225678,Vanessula milca,iNaturalist
34.9917789113,0.0818225678,Telchinia oreas,iNaturalist
34.9917789113,0.0818225678,Belenois raffrayi extendens,iNaturalist
34.9917789113,0.0818225678,Papilio phorcas,iNaturalist
34.9917789113,0.0818225678,Amaura,iNaturalist
34.9917789113,0.0818225678,Antanartia schaeneia,iNaturalist
34.9917789113,0.0818225678,Belenois aurota,iNaturalist
34.9917789113,0.0818225678,Eurema hecabe solifera,iNaturalist
34.9917789113,0.0818225678,Charaxini,iNaturalist
34.894909628,0.2359832077,Junonia temora,iNaturalist
34.894909628,0.2359832077,Junonia,iNaturalist
34.894909628,0.2359832077,Hypolimnas monteironis,iNaturalist
34.894909628,0.2359832077,Euphaedra rex,iNaturalist
34.894909628,0.2359832077,Amauris,iNaturalist
34.894909628,0.2359832077,Eriboea etesipe,iNaturalist
34.894909628,0.2359832077,Celaenorrhinus proxima proxima,iNaturalist
34.894909628,0.2359832077,Papilio phorcas,iNaturalist
34.894909628,0.2359832077,Neptis saclava,iNaturalist
34.894909628,0.2359832077,Cyrestis camillus,iNaturalist
34.894909628,0.2359832077,Telchinia penelope,iNaturalist
34.894909628,0.2359832077,Anthene,iNaturalist
34.894909628,0.2359832077,Papilio lormieri neocrocea,iNaturalist
34.894909628,0.2359832077,Hypolimnas monteironis major,iNaturalist
34.894909628,0.2359832077,Bebearia sophus,iNaturalist
34.894909628,0.2359832077,Euphaedrana,iNaturalist
34.894909628,0.2359832077,Junonia gregorii,iNaturalist
34.894909628,0.2359832077,Evena crithea,iNaturalist
34.894909628,0.2359832077,Aterica galene extensa,iNaturalist
34.894909628,0.2359832077,Pierinae,iNaturalist
34.894909628,0.2359832077,Nepheronia,iNaturalist
34.894909628,0.2359832077,Euriphene ribensis,iNaturalist
34.894909628,0.2359832077,Ariadne enotrea,iNaturalist
34.894909628,0.2359832077,Apallaga opalinus,iNaturalist
34.8742103613,0.2449898666,Cymothoe hobarti,iNaturalist
34.8743820227,0.2443592028,Cymothoe hobarti,iNaturalist
34.8844867,0.2920367,Amauris echeria jacksoni,iNaturalist
34.88,0.25,Amaura,iNaturalist
34.88,0.25,Bematistes macarista,iNaturalist
34.88,0.25,Cymothoe lurida,iNaturalist
34.88,0.25,Junonia gregorii,iNaturalist
34.88,0.25,Pseudacraea lucretia,iNaturalist
34.88,0.25,Belenois sudanensis sudanensis,iNaturalist
34.88,0.25,Amauris echeria jacksoni,iNaturalist
34.88,0.25,Tirumala formosa mercedonia,iNaturalist
34.88,0.25,Telchinia pharsalus,iNaturalist
34.88,0.25,Ariadne,iNaturalist
34.88,0.25,Ypthima,iNaturalist
34.8667765054,0.3442965999,Euphaedra rattrayi coeruleomaculata,iNaturalist
34.8620697124,0.233636054,Vanessula milca latifasciata,iNaturalist
34.8624420556,0.2859755317,Vanessula milca latifasciata,iNaturalist
34.8773981553,0.2512999052,Vanessula milca latifasciata,iNaturalist
34.8756725406,0.3036257709,Phalanta eurytis,iNaturalist
34.8773981553,0.2512999052,Papilio phorcas ruscoei,iNaturalist
34.8773981553,0.2512999052,Papilio lormieri neocrocea,iNaturalist
34.8773981553,0.2512999052,Junonia gregorii,iNaturalist
34.8773981553,0.2512999052,Hypolimnas monteironis major,iNaturalist
34.8773981553,0.2512999052,Euphaedra rex,iNaturalist
34.8773981553,0.2512999052,Euphaedrana,iNaturalist
34.8773981553,0.2512999052,Cyrestis camillus,iNaturalist
34.8773981553,0.2512999052,Cymothoe hobarti hobarti,iNaturalist
34.8773981553,0.2512999052,Evena crithea,iNaturalist
34.8773981553,0.2512999052,Bebearia sophus audeoudi,iNaturalist
34.8756725406,0.3036257709,Telchinia penelope,iNaturalist
34.8758488445,0.2334484899,Euriphene ribensis,iNaturalist
34.8712714465,0.234005289,Junonia gregorii,iNaturalist
34.8702086954,0.2421689086,Euphaedra rattrayi coeruleomaculata,iNaturalist
34.8694097487,0.242201102,Telchinia quirinalis,iNaturalist
34.8840516667,0.227705,Amaura,iNaturalist
34.88471,0.2269933333,Sevenia garega,iNaturalist
34.8653416667,0.2372533333,Evena crithea,iNaturalist
34.8674133333,0.2352116667,Junonia terea,iNaturalist
34.8681416667,0.2342116667,Bicyclus,iNaturalist
34.86836,0.234315,Junonia gregorii,iNaturalist
34.86836,0.234315,Apallaga,iNaturalist
34.868345,0.2342816667,Bicyclus dentata,iNaturalist
34.8840083333,0.22775,Amauris echeria,iNaturalist
34.885255,0.2241133333,Leptosia nupta,iNaturalist
34.8849533333,0.2208866667,Bicyclus,iNaturalist
34.8852516667,0.2212966667,Junonia gregorii,iNaturalist
34.885355,0.2260233333,Junonia gregorii,iNaturalist
34.7448116667,-0.1163316667,Amauris tartarea,iNaturalist
34.7448116667,-0.1163316667,Danaus chrysippus,iNaturalist
34.8561335,0.2916832,Euphaedrana,iNaturalist
34.7437983333,-0.1158983333,Neptis,iNaturalist
34.8843460083,0.2271749973,Sevenia occidentalium,iNaturalist
34.8618001813,0.3506599168,Evena crithea,iNaturalist
34.8872848532,0.2248780008,Papilio phorcas,iNaturalist
34.8907195228,0.2233986598,Papilio phorcas,iNaturalist
34.893901083,0.2214669976,Junonia gregorii,iNaturalist
34.897153738,0.2130127364,Junonia gregorii,iNaturalist
34.9002149036,0.2136924777,Junonia gregorii,iNaturalist
34.8939893793,0.214689051,Euphaedra rex,iNaturalist
34.8648762607,0.2395897825,Evena crithea,iNaturalist
34.9168050912,0.2172555214,Papilio,iNaturalist
34.9168050912,0.2172555214,Papilio phorcas,iNaturalist
34.9168050912,0.2172555214,Amauris albimaculata,iNaturalist
34.7944233333,-0.052845,Junonia sophia infracta,iNaturalist
34.7604036995,-0.0932465501,Junonia oenone oenone,iNaturalist
35.0195388804,0.0723509594,Junonia gregorii,iNaturalist
34.792228,-0.046678,Hypolimnas misippus,iNaturalist
34.792228,-0.046678,Spalgis lemolea lemolea,iNaturalist
34.7888565063,-0.0465682782,Junonia sophia sophia,iNaturalist
34.7923383333,-0.0468283333,Nireopapilio,iNaturalist
34.8845672607,0.2276817411,Eriboea etesipe,iNaturalist
34.8874473572,0.2260345817,Amauris echeria jacksoni,iNaturalist
34.8892745972,0.2255960852,Junonia gregorii,iNaturalist
34.880862236,0.2290539599,Cynandra opis bernardii,iNaturalist
34.884569,0.2268231,Junonia temora temora,iNaturalist
34.884569,0.2268231,Anthene,iNaturalist
34.884553,0.226828,Junonia sophia,iNaturalist
34.884553,0.226828,Junonia gregorii,iNaturalist
34.884553,0.226828,Junonia terea terea,iNaturalist
34.884553,0.226828,Charaxes castor,iNaturalist
34.862366,0.286879,Coeliades libeon,iNaturalist
34.86667,0.2,Anaphe panda,GBIF
35.25,0.11,BOLD:ACF2797,GBIF
34.864,0.256,Anaphe panda,GBIF
